<?xml version="1.0" encoding="UTF-8" standalone="yes"?>
<addon id="plugin.video.GSIGuyWizard" name="GSIGuyWizard" version="1.0.1" provider-name="GSIGuy.net">
  <requires>
    <import addon="xbmc.python" version="2.1.0"/>
  </requires>
  <extension point="xbmc.python.pluginsource" library="default.py">
        <provides>video executable</provides>
  </extension>
  <extension point="xbmc.addon.metadata">
    <summary lang="en">GSIGuy Wizard</summary>
    <description lang="en">Easy Install With KODI / XBMC Wizard / ##CREDIT TO LEE @ COMMUNITY BUILDS FOR WRITING THE FORCE CLOSE FUNCTION AND ANY OTHER DEVS WHO CREATED ANY MODULES USED##
##Thank you to Husham for all his Help, thank you to the build creator##</description>
    <platform>all</platform>
  </extension>
</addon>
